Activiteits-ID,Datum van activiteit,Naam activiteit,Activiteitstype,Beschrijving van activiteit,Verstreken tijd,Afstand,Vergelijkbare poging,Forenzenrit,Uitrusting voor activiteit,Bestandsnaam,Gewicht sporter,Gewicht fiets,Verstreken tijd,Beweegtijd,Afstand,Max. snelheid,Gemiddelde snelheid,Hoogteverschil,Hoogteverlies,Kleinste hoogte,Grootste hoogte,Max. stijgingspercentage,Gemiddeld stijgingspercentage,Gemiddeld positief stijgingspercentage,Gemiddeld negatief stijgingspercentage,Gemiddelde cadans,Max. cadans,Max. hartslag,Gemiddelde hartslag,Maximaal wattage,Gemiddeld wattage,Calorieën,Maximale temperatuur,Gemiddelde temperatuur,Vergelijkbare poging,Totale arbeid,Aantal hardloopsessies,Tijd bergop,Tijd bergaf,Andere tijd,Ervaren inspanning,Gewogen gemiddeld vermogen,Aantal vermogensgegevens,Voorkeur voor ervaren inspanning,Ervaren vergelijkbare poging,Forenzenrit,Totaal geheven gewicht,Van upload,Aan stijgingspercentage aangepaste afstand,Tijd weerbeeld,Weersomstandigheden,Buitentemperatuur,Gevoelstemperatuur,Dauwpunt,Vochtigheid,Luchtdruk,Windsnelheid,Windstoot,Windrichting,Neerslagintensiteit,Tijd zonsopgang,Tijd zonsondergang,Maanstand,Fiets,Uitrusting,Kans op neerslag,Type neerslag,Bewolking,Zicht,UV-index,Ozonwaarde
1050466088,23 jun. 2017 15:52:12,Middagloop,Hardloopsessie,,1459,"4,73",,false,,activities/1050466088.gpx,0.0,,1459.0,1451.0,4731.5,4.900000095367432,,28.78860092163086,,16.0,24.0,23.399999618530273,0.0,,,,,,,,,,,,,,,,,,,,,,,0.0,,,,,,,,,,,,,,,,,,,,,,,,,
1273565072,17 apr. 2013 15:02:15,Middagloop,Hardloopsessie,"",2010,"5,70",,false,,activities/1380243100.gpx.gz,0.0,,2010.0,2010.0,5704.2998046875,6.099999904632568,,114.65499877929688,,53.0,106.80000305175781,31.100000381469727,0.0,,,,,,,,,0.0,,,,,,,,,,,,,,0.0,,,,,,,,,,,,,,,,,,,,,,,,,
1273565075,15 apr. 2013 15:24:53,Middagloop,Hardloopsessie,"",2121,"5,76",,false,,activities/1380243099.gpx.gz,0.0,,2121.0,2121.0,5765.2998046875,5.199999809265137,,117.88300323486328,,53.0,107.0,29.100000381469727,0.010407100431621075,,,,,,,,,0.0,,,,,,,,,,,,,,0.0,,,,,,,,,,,,,,,,,,,,,,,,,
1273565079,6 mei 2013 15:39:08,Middagloop,Hardloopsessie,"",1975,"5,71",,false,,activities/1380243105.gpx.gz,0.0,,1975.0,1975.0,5712.10009765625,4.300000190734863,,115.10700225830078,,53.0,106.80000305175781,30.200000762939453,-0.0035013400483876467,,,,,,,,,,,,,,,,,,,,,,,0.0,,,,,,,,,,,,,,,,,,,,,,,,,
1273565082,20 mei 2013 15:27:34,Middagloop,Hardloopsessie,"",1906,"5,61",,false,,activities/1380243111.gpx.gz,0.0,,1906.0,1870.0,5614.2001953125,5.300000190734863,,118.13800048828125,,53.0,107.0,32.900001525878906,-0.005343589931726456,,,,,,,,,,,,,,,,,,,,,,,0.0,,,,,,,,,,,,,,,,,,,,,,,,,
1273565087,8 mei 2013 15:45:45,Middagloop,Hardloopsessie,"",1934,"5,69",,false,,activities/1380243106.gpx.gz,0.0,,1934.0,1934.0,5689.5,5.0,,127.03800201416016,,52.20000076293945,106.80000305175781,28.700000762939453,-0.0017576200189068913,,,,,,,,,,,,,,,,,,,,,,,0.0,,,,,,,,,,,,,,,,,,,,,,,,,
1273565088,16 aug. 2013 15:11:12,Middagloop,Hardloopsessie,"",2148,"5,71",,false,,activities/1380243115.gpx.gz,0.0,,2148.0,2134.0,5711.2001953125,5.0,,114.13800048828125,,53.0,106.9000015258789,34.29999923706055,-0.0017509500030428171,,,,,,,,,,,,,,,,,,,,,,,0.0,,,,,,,,,,,,,,,,,,,,,,,,,
1273565090,12 mei 2013 16:51:07,Avondloop,Hardloopsessie,"",1815,"5,67",,false,,activities/1380243108.gpx.gz,0.0,,1815.0,1815.0,5676.2998046875,8.5,,107.15699768066406,,53.0,106.9000015258789,19.600000381469727,-0.001761710038408637,,,,,,,,,0.0,,,,,,,,,,,,,,0.0,,,,,,,,,,,,,,,,,,,,,,,,,
1273565091,13 jun. 2013 16:59:14,Avondloop,Hardloopsessie,"",2757,"6,66",,false,,activities/1380243112.gpx.gz,0.0,,2757.0,2511.0,6665.2998046875,7.099999904632568,,118.93699645996094,,53.0,107.0,31.799999237060547,0.01800370030105114,,,,,,,,,,,,,,,,,,,,,,,0.0,,,,,,,,,,,,,,,,,,,,,,,,,
1273565092,13 apr. 2013 16:28:08,Avondloop,Hardloopsessie,"",2219,"5,78",,false,,activities/1380243098.gpx.gz,0.0,,2219.0,2066.0,5782.89990234375,5.699999809265137,,115.96399688720703,,53.0,106.80000305175781,27.100000381469727,0.0017292399425059557,,,,,,,,,,,,,,,,,,,,,,,0.0,,,,,,,,,,,,,,,,,,,,,,,,,
1273565096,23 sep. 2013 17:00:50,Avondloop,Hardloopsessie,"",1974,"5,69",,false,,activities/1380243119.gpx.gz,0.0,,1974.0,1974.0,5691.7998046875,5.699999809265137,,115.63300323486328,,53.0,106.80000305175781,32.599998474121094,0.005270740017294884,,,,,,,,,,,,,,,,,,,,,,,0.0,,,,,,,,,,,,,,,,,,,,,,,,,
1273565097,22 apr. 2013 15:28:33,Middagloop,Hardloopsessie,"",1960,"5,71",,false,,activities/1380243101.gpx.gz,0.0,,1960.0,1951.0,5712.60009765625,6.0,,114.74700164794922,,53.0,106.80000305175781,32.599998474121094,-0.0035010299179702997,,,,,,,,,,,,,,,,,,,,,,,0.0,,,,,,,,,,,,,,,,,,,,,,,,,
1273565099,28 sep. 2013 16:41:25,Avondloop,Hardloopsessie,"",1963,"5,70",,false,,activities/1380243121.gpx.gz,0.0,,1963.0,1963.0,5701.7001953125,5.599999904632568,,115.65499877929688,,53.0,106.80000305175781,28.899999618530273,-0.001753860036842525,,,,,,,,,,,,,,,,,,,,,,,0.0,,,,,,,,,,,,,,,,,,,,,,,,,
1273565102,21 sep. 2013 16:20:52,Avondloop,Hardloopsessie,"",1994,"5,72",,false,,activities/1380243117.gpx.gz,0.0,,1994.0,1994.0,5725.10009765625,4.300000190734863,,116.3499984741211,,53.0,106.9000015258789,30.200000762939453,-0.001746690017171204,,,,,,,,,,,,,,,,,,,,,,,0.0,,,,,,,,,,,,,,,,,,,,,,,,,
1273565103,26 okt. 2013 16:36:31,Avondloop,Hardloopsessie,"",1941,"5,72",,false,,activities/1380243125.gpx.gz,0.0,,1941.0,1927.0,5727.2998046875,5.5,,115.72599792480469,,53.0,106.80000305175781,30.5,0.0,,,,,,,,,,,,,,,,,,,,,,,0.0,,,,,,,,,,,,,,,,,,,,,,,,,
1273565116,18 sep. 2016 15:44:20,Middagloop,Hardloopsessie,"",1565,"4,60",,false,,activities/1380243133.gpx.gz,0.0,,1565.0,1565.0,4600.60009765625,5.099999904632568,,23.343299865722656,,16.0,24.0,8.300000190734863,-0.013041799888014793,,,,,,,,,,,,,,,,,,,,,,,0.0,,,,,,,,,,,,,,,,,,,,,,,,,
1273565120,12 jul. 2016 17:46:48,Avondloop,Hardloopsessie,"",1473,"4,72",,false,,activities/1380243129.gpx.gz,0.0,,1473.0,1464.0,4724.2998046875,5.199999809265137,,27.06999969482422,,16.0,24.0,7.900000095367432,-0.0021167199593037367,,,,,,,,,0.0,,,,,,,,,,,,,,0.0,,,,,,,,,,,,,,,,,,,,,,,,,
1273565127,15 okt. 2016 07:45:07,Ochtendloop,Hardloopsessie,"",1509,"4,75",,false,,activities/1380243145.gpx.gz,0.0,,1509.0,1509.0,4751.89990234375,11.100000381469727,,27.363300323486328,,16.0,24.0,7.699999809265137,-0.00210441998206079,,,,,,,,,,,,,,,,,,,,,,,0.0,,,,,,,,,,,,,,,,,,,,,,,,,
1273565128,29 sep. 2016 08:26:34,Ochtendloop,Hardloopsessie,"",1505,"4,81",,false,,activities/1380243141.gpx.gz,0.0,,1505.0,1505.0,4815.7998046875,4.400000095367432,,23.13330078125,,16.0,24.0,7.900000095367432,0.0,,,,,,,,,,,,,,,,,,,,,,,0.0,,,,,,,,,,,,,,,,,,,,,,,,,
1273565129,7 nov. 2016 10:39:59,Middagloop,Hardloopsessie,"",1718,"4,88",,false,,activities/1380243150.gpx.gz,0.0,,1718.0,1532.0,4887.39990234375,4.699999809265137,,28.13330078125,,11.899999618530273,22.0,10.899999618530273,-0.008184310048818588,,,,,,,,,,,,,,,,,,,,,,,0.0,,,,,,,,,,,,,,,,,,,,,,,,,
1273565130,23 sep. 2016 07:54:50,Ochtendloop,Hardloopsessie,"",1517,"4,91",,false,,activities/1380243136.gpx.gz,0.0,,1517.0,1517.0,4912.7998046875,9.300000190734863,,30.58329963684082,,14.399999618530273,27.700000762939453,12.100000381469727,0.044780999422073364,,,,,,,,,0.0,,,,,,,,,,,,,,0.0,,,,,,,,,,,,,,,,,,,,,,,,,
1273565133,4 nov. 2016 10:28:43,Middagloop,Hardloopsessie,"",1476,"4,74",,false,,activities/1380243149.gpx.gz,0.0,,1476.0,1468.0,4748.89990234375,4.900000095367432,,29.649999618530273,,13.699999809265137,24.0,7.900000095367432,0.010528800077736378,,,,,,,,,,,,,,,,,,,,,,,0.0,,,,,,,,,,,,,,,,,,,,,,,,,
1273565136,24 nov. 2016 08:42:42,Ochtendloop,Hardloopsessie,"",1684,"4,87",,false,,activities/1380243151.gpx.gz,0.0,,1684.0,1544.0,4877.0,4.5,,23.233299255371094,,16.0,24.0,8.100000381469727,0.02050440013408661,,,,,,,,,0.0,,,,,,,,,,,,,,0.0,,,,,,,,,,,,,,,,,,,,,,,,,
1273565997,8 sep. 2017 09:36:54,Middagloop,Hardloopsessie,"",1526,"4,72",,false,,activities/1380243945.gpx.gz,0.0,,1526.0,1461.0,4719.5,4.400000095367432,,27.45330047607422,,16.0,24.0,7.699999809265137,0.010594299994409084,,,,,,,,,0.0,,,,,,,,,,,,,,0.0,,,,,,,,,,,,,,,,,,,,,,,,,
1273565998,28 jun. 2017 15:50:04,Middagloop,Hardloopsessie,"",1614,"5,14",,false,,activities/1380243942.gpx.gz,0.0,,1614.0,1597.0,5142.2998046875,4.699999809265137,,23.516700744628906,,14.0,26.0,9.199999809265137,0.0038893099408596754,,,,,,,,,0.0,,,,,,,,,,,,,,0.0,,,,,,,,,,,,,,,,,,,,,,,,,
1273566003,17 sep. 2017 16:14:02,Avondloop,Hardloopsessie,"",1624,"5,09",,false,,activities/1380243951.gpx.gz,0.0,,1624.0,1544.0,5095.10009765625,6.400000095367432,,20.25670051574707,,14.0,24.0,6.800000190734863,0.009813349694013596,,,,,,,,,0.0,,,,,,,,,,,,,,0.0,,,,,,,,,,,,,,,,,,,,,,,,,
1273566010,6 sep. 2017 14:34:36,Middagloop,Hardloopsessie,"",1534,"4,70",,false,,activities/1380243944.gpx.gz,0.0,,1534.0,1476.0,4708.7001953125,4.099999904632568,,27.266700744628906,,16.0,24.0,7.800000190734863,0.02548469975590706,,,,,,,,,0.0,,,,,,,,,,,,,,0.0,,,,,,,,,,,,,,,,,,,,,,,,,
1273566012,10 sep. 2017 14:54:45,Middagloop,Hardloopsessie,"",1672,"5,25",,false,,activities/1380243947.gpx.gz,0.0,,1672.0,1672.0,5253.2998046875,4.400000095367432,,20.649999618530273,,14.0,24.0,7.099999904632568,-0.0019035700242966413,,,,,,,,,0.0,,,,,,,,,,,,,,0.0,,,,,,,,,,,,,,,,,,,,,,,,,
1273566013,2 okt. 2017 14:58:29,Middagloop,Hardloopsessie,"",2047,"6,14",,false,,activities/1380243959.gpx.gz,0.0,,2047.0,1931.0,6143.7001953125,4.5,,22.729999542236328,,14.0,23.0,6.400000095367432,0.0016276800306513906,,,,,,,,,0.0,,,,,,,,,,,,,,0.0,,,,,,,,,,,,,,,,,,,,,,,,,
1273566015,28 sep. 2017 14:50:59,Middagloop,Hardloopsessie,"",1677,"5,09",,false,,activities/1380243955.gpx.gz,0.0,,1677.0,1677.0,5091.7998046875,5.400000095367432,,20.283300399780273,,14.0,24.0,7.400000095367432,0.011783700436353683,,,,,,,,,0.0,,,,,,,,,,,,,,0.0,,,,,,,,,,,,,,,,,,,,,,,,,
1273566017,15 sep. 2017 08:43:18,Ochtendloop,Hardloopsessie,"",1638,"5,15",,false,,activities/1380243949.gpx.gz,0.0,,1638.0,1638.0,5157.39990234375,4.800000190734863,,20.433300018310547,,14.0,24.0,7.5,0.0038779200986027718,,,,,,,,,0.0,,,,,,,,,,,,,,0.0,,,,,,,,,,,,,,,,,,,,,,,,,
1273566019,20 sep. 2017 13:36:12,Middagloop,Hardloopsessie,"",1804,"5,61",,false,,activities/1380243953.gpx.gz,0.0,,1804.0,1700.0,5611.10009765625,5.699999809265137,,26.573299407958984,,14.0,26.0,9.699999809265137,0.005346550140529871,,,,,,,,,0.0,,,,,,,,,,,,,,0.0,,,,,,,,,,,,,,,,,,,,,,,,,
1273566021,4 okt. 2017 15:23:57,Middagloop,Hardloopsessie,"",2124,"6,81",,false,,activities/1380243965.gpx.gz,0.0,,2124.0,2020.0,6816.7001953125,4.699999809265137,,26.683300018310547,,14.0,24.899999618530273,7.599999904632568,0.004400960169732571,,,,,,,,,0.0,,,,,,,,,,,,,,0.0,,,,,,,,,,,,,,,,,,,,,,,,,
1273566023,16 okt. 2017 08:34:10,Ochtendloop,Hardloopsessie,"",1871,"6,04",,false,,activities/1380243974.gpx.gz,0.0,,1871.0,1871.0,6047.7998046875,5.599999904632568,,23.72330093383789,,16.0,24.0,6.800000190734863,-0.003306990023702383,,,,,,,,,0.0,,,,,,,,,,,,,,0.0,,,,,,,,,,,,,,,,,,,,,,,,,
1273566027,25 okt. 2017 14:47:21,Middagloop,Hardloopsessie,"",1610,"5,29",,false,,activities/1380243979.gpx.gz,0.0,,1610.0,1610.0,5296.60009765625,4.800000190734863,,20.42329978942871,,16.0,24.0,7.599999904632568,0.005664010066539049,,,,,,,,,0.0,,,,,,,,,,,,,,0.0,,,,,,,,,,,,,,,,,,,,,,,,,
1273566028,26 okt. 2017 15:49:08,Middagloop,Hardloopsessie,"",2385,"5,76",,false,,activities/1380243981.gpx.gz,0.0,,2385.0,1605.0,5759.7001953125,4.400000095367432,,15.16670036315918,,17.0,25.0,7.199999809265137,-0.010417199693620205,,,,,,,,,0.0,,,,,,,,,,,,,,0.0,,,,,,,,,,,,,,,,,,,,,,,,,
1273566029,9 okt. 2017 14:52:26,Middagloop,Hardloopsessie,"",2006,"6,40",,false,,activities/1380243969.gpx.gz,0.0,,2006.0,2006.0,6400.7001953125,5.0,,27.850000381469727,,16.0,24.0,8.199999809265137,0.001562330056913197,,,,,,,,,0.0,,,,,,,,,,,,,,0.0,,,,,,,,,,,,,,,,,,,,,,,,,
1273566030,18 okt. 2017 15:10:41,Middagloop,Hardloopsessie,"",2133,"7,01",,false,,activities/1380243978.gpx.gz,0.0,,2133.0,2133.0,7011.2001953125,4.400000095367432,,21.983299255371094,,16.0,24.0,7.400000095367432,-0.005705160088837147,,,,,,,,,0.0,,,,,,,,,,,,,,0.0,,,,,,,,,,,,,,,,,,,,,,,,,
1273566035,13 nov. 2017 10:10:07,Middagloop,Hardloopsessie,"",1822,"6,21",,false,,activities/1380243992.gpx.gz,0.0,,1822.0,1822.0,6209.7998046875,5.0,,23.886699676513672,,14.0,24.0,6.900000095367432,0.008051790297031403,,,,,,,,,0.0,,,,,,,,,,,,,,0.0,,,,,,,,,,,,,,,,,,,,,,,,,
1273566037,9 nov. 2017 15:21:20,Middagloop,Hardloopsessie,"",1505,"5,06",,false,,activities/1380243987.gpx.gz,0.0,,1505.0,1505.0,5059.2001953125,5.599999904632568,,23.683300018310547,,14.0,24.0,9.399999618530273,-0.011859600432217121,,,,,,,,,0.0,,,,,,,,,,,,,,0.0,,,,,,,,,,,,,,,,,,,,,,,,,
1273566042,30 okt. 2017 16:28:01,Middagloop,Hardloopsessie,"",1462,"5,11",,false,,activities/1380243984.gpx.gz,0.0,,1462.0,1462.0,5117.89990234375,4.800000190734863,,20.38330078125,,14.0,24.0,7.199999809265137,0.003907850012183189,,,,,,,,,0.0,,,,,,,,,,,,,,0.0,,,,,,,,,,,,,,,,,,,,,,,,,
1273566043,12 okt. 2017 14:01:34,Middagloop,Hardloopsessie,"",2087,"6,64",,false,,activities/1380243970.gpx.gz,0.0,,2087.0,1979.0,6642.7001953125,4.599999904632568,,26.34670066833496,,16.0,24.799999237060547,6.900000095367432,0.003010819898918271,,,,,,,,,0.0,,,,,,,,,,,,,,0.0,,,,,,,,,,,,,,,,,,,,,,,,,
1764378324,11 aug. 2018 08:07:36,Stelvio,Fietsrit,,9259,"25,60",,false,,activities/1764378324.gpx,0.0,,9259.0,8247.0,25601.400390625,13.600000381469727,,1782.5142822265625,,1195.9000244140625,2763.0,49.900001525878906,5.573132514953613,,,,,,,,,,,,,,,,,,,,,,,0.0,,,,,,,,,,,,,,,,,,,,,,,,,
1796602265,25 aug. 2018 07:11:22,ODS,Fietsrit,,19248,"101,74",,false,,activities/1796602265.gpx,0.0,,19248.0,15903.0,101742.1015625,14.699999809265137,,1055.1748046875,,42.0,223.0,39.5,-0.027422277256846428,,,,,,,,,,,,,,,,,,,,,,,0.0,,,,,,,,,,,,,,,,,,,,,,,,,
1802417678,28 aug. 2018 08:04:14,Morning run,Hardloopsessie,,1942,"6,00",,false,,activities/1802417678.gpx,0.0,,1942.0,1905.0,6007.60009765625,5.599999904632568,,18.391849517822266,,46.79999923706055,54.0,15.899999618530273,0.0,,,,,,,,,0.0,,,,,,,,,,,,,,0.0,,,,,,,,,,,,,,,,,,,,,,,,,
1813756265,2 sep. 2018 07:21:25,Ochtendrit,Fietsrit,,10928,"63,49",,false,,activities/1813756265.gpx,0.0,,10928.0,9670.0,63496.0,13.399999618530273,,664.992431640625,,46.5,218.0,42.79999923706055,0.00913443323224783,,,,,,,,,,,,,,,,,,,,,,,0.0,,,,,,,,,,,,,,,,,,,,,,,,,
1818198012,4 sep. 2018 07:54:42,Ochtendloop,Hardloopsessie,,1998,"6,30",,false,,activities/1818198012.gpx,0.0,,1998.0,1987.0,6299.89990234375,4.800000190734863,,19.828521728515625,,46.79999923706055,54.0,15.699999809265137,-0.009523960761725903,,,,,,,,,0.0,,,,,,,,,,,,,,0.0,,,,,,,,,,,,,,,,,,,,,,,,,
1826668873,8 sep. 2018 07:26:14,Ochtendloop,Hardloopsessie,,1894,"6,21",,false,,activities/1826668873.gpx,0.0,,1894.0,1879.0,6218.10009765625,6.099999904632568,,15.535714149475098,,46.29999923706055,54.0,7.900000095367432,0.0,,,,,,,,,0.0,,,,,,,,,,,,,,0.0,,,,,,,,,,,,,,,,,,,,,,,,,
1833818459,11 sep. 2018 08:00:44,Ochtendloop,Hardloopsessie,,2162,"7,01",,false,,activities/1833818459.gpx,0.0,,2162.0,2158.0,7013.10009765625,5.599999904632568,,19.295860290527344,,46.400001525878906,54.0,8.5,0.0,,,,,,,,,0.0,,,,,,,,,,,,,,0.0,,,,,,,,,,,,,,,,,,,,,,,,,
1838335694,13 sep. 2018 07:45:47,Ochtendloop,Hardloopsessie,,2453,"7,79",,false,,activities/1838335694.gpx,0.0,,2453.0,2434.0,7796.10009765625,5.199999809265137,,34.05934143066406,,46.5,55.0,10.300000190734863,0.006413463037461042,,,,,,,,,0.0,,,,,,,,,,,,,,0.0,,,,,,,,,,,,,,,,,,,,,,,,,
1842777459,15 sep. 2018 11:53:23,Middagloop,Hardloopsessie,,2033,"6,42",,false,,activities/1842777459.gpx,0.0,,2033.0,2033.0,6428.2001953125,5.5,,31.700183868408203,,46.5,55.0,12.0,0.0,,,,,,,,,0.0,,,,,,,,,,,,,,0.0,,,,,,,,,,,,,,,,,,,,,,,,,
1844785594,16 sep. 2018 08:50:11,First 10k,Hardloopsessie,,3333,"10,11",,false,,activities/1844785594.gpx,0.0,,3333.0,3316.0,10111.400390625,4.800000190734863,,45.88953399658203,,43.70000076293945,55.0,24.399999618530273,0.004944913554936647,,,,,,,,,0.0,,,,,,,,,,,,,,0.0,,,,,,,,,,,,,,,,,,,,,,,,,
1851383449,19 sep. 2018 05:22:23,Ochtendloop,Hardloopsessie,,1881,"6,17",,false,,activities/1851383449.gpx,0.0,,1881.0,1875.0,6174.60009765625,6.699999809265137,,19.74725341796875,,46.400001525878906,54.0,9.699999809265137,0.011336767114698887,,,,,,,,,0.0,,,,,,,,,,,,,,0.0,,,,,,,,,,,,,,,,,,,,,,,,,
1864221453,25 sep. 2018 07:33:41,Ochtendloop,Hardloopsessie,,2454,"8,35",,false,,activities/1864221453.gpx,0.0,,2454.0,2454.0,8356.400390625,5.599999904632568,,31.023717880249023,,46.20000076293945,55.0,8.0,0.0,,,,,,,,,0.0,,,,,,,,,,,,,,0.0,,,,,,,,,,,,,,,,,,,,,,,,,
1868428030,27 sep. 2018 07:18:31,Ochtendloop,Hardloopsessie,,2493,"8,09",,false,,activities/1868428030.gpx,0.0,,2493.0,2457.0,8089.2001953125,4.900000095367432,,41.78644561767578,,44.79999923706055,55.0,13.0,0.00988972932100296,,,,,,,,,0.0,,,,,,,,,,,,,,0.0,,,,,,,,,,,,,,,,,,,,,,,,,
1874623889,30 sep. 2018 08:11:56,Ochtendloop,Hardloopsessie,,3306,"10,72",,false,,activities/1874623889.gpx,0.0,,3306.0,3290.0,10723.2001953125,8.899999618530273,,42.67174530029297,,43.70000076293945,55.0,23.799999237060547,-0.01025813166052103,,,,,,,,,0.0,,,,,,,,,,,,,,0.0,,,,,,,,,,,,,,,,,,,,,,,,,
1883052130,4 okt. 2018 06:30:23,Ochtendloop,Hardloopsessie,,2408,"8,05",,false,,activities/1883052130.gpx,0.0,,2408.0,2403.0,8053.5,5.300000190734863,,33.762290954589844,,43.70000076293945,54.0,26.899999618530273,-0.0024833923671394587,,,,,,,,,0.0,,,,,,,,,,,,,,0.0,,,,,,,,,,,,,,,,,,,,,,,,,
1903446851,14 okt. 2018 07:27:33,Ochtendloop,Hardloopsessie,,1824,"6,05",,false,,activities/1903446851.gpx,0.0,,1824.0,1805.0,6054.60009765625,6.5,,17.495458602905273,,47.29999923706055,54.29999923706055,6.800000190734863,0.00495491037145257,,,,,,,,,0.0,,,,,,,,,,,,,,0.0,,,,,,,,,,,,,,,,,,,,,,,,,
1913815638,17 okt. 2018 06:24:22,Ochtendloop,Hardloopsessie,,175255,"7,34",,false,,activities/1913815638.gpx,0.0,,175255.0,2304.0,7341.39990234375,6.300000190734863,,36.687068939208984,,46.5,55.599998474121094,6.900000095367432,-0.0013621379621326923,,,,,,,,,0.0,,,,,,,,,,,,,,0.0,,,,,,,,,,,,,,,,,,,,,,,,,
1913815650,19 okt. 2018 07:05:44,Ochtendloop,Hardloopsessie,,2471,"8,19",,false,,activities/1913815650.gpx,0.0,,2471.0,2471.0,8193.0,6.199999809265137,,37.92121124267578,,46.5,55.599998474121094,7.300000190734863,0.0,,,,,,,,,0.0,,,,,,,,,,,,,,0.0,,,,,,,,,,,,,,,,,,,,,,,,,
1917672465,21 okt. 2018 06:26:49,Ochtendloop,Hardloopsessie,,2928,"9,77",,false,,activities/1917672465.gpx,0.0,,2928.0,2911.0,9776.099609375,5.0,,24.48758316040039,,44.29999923706055,54.099998474121094,9.5,-0.008183222264051437,,,,,,,,,0.0,,,,,,,,,,,,,,0.0,,,,,,,,,,,,,,,,,,,,,,,,,
1920867016,22 okt. 2018 15:13:16,Middagloop,Hardloopsessie,,1839,"6,21",,false,,activities/1920867016.gpx,0.0,,1839.0,1761.0,6214.89990234375,4.800000190734863,,13.867856979370117,,47.29999923706055,54.20000076293945,5.900000095367432,0.003218072699382901,,,,,,,,,0.0,,,,,,,,,,,,,,0.0,,,,,,,,,,,,,,,,,,,,,,,,,
1927796621,26 okt. 2018 05:36:14,Ochtendloop,Hardloopsessie,,1721,"5,75",,false,,activities/1927796621.gpx,0.0,,1721.0,1702.0,5749.0,6.300000190734863,,14.301030158996582,,47.099998474121094,54.20000076293945,5.0,-0.005218298640102148,,,,,,,,,0.0,,,,,,,,,,,,,,0.0,,,,,,,,,,,,,,,,,,,,,,,,,
1932193545,28 okt. 2018 12:07:30,Middagloop,Hardloopsessie,,2303,"7,57",,false,,activities/1932193545.gpx,0.0,,2303.0,2233.0,7569.7001953125,5.800000190734863,,24.70760154724121,,47.099998474121094,54.20000076293945,9.199999809265137,-0.0066052814945578575,,,,,,,,,0.0,,,,,,,,,,,,,,0.0,,,,,,,,,,,,,,,,,,,,,,,,,
1940795682,2 nov. 2018 07:58:38,Ochtendloop,Hardloopsessie,,2303,"8,00",,false,,activities/1940795682.gpx,0.0,,2303.0,2303.0,8005.7001953125,6.199999809265137,,29.731182098388672,,47.099998474121094,54.29999923706055,7.5,-0.02623130939900875,,,,,,,,,0.0,,,,,,,,,,,,,,0.0,,,,,,,,,,,,,,,,,,,,,,,,,
1947106267,5 nov. 2018 08:49:01,Ochtendloop,Hardloopsessie,,2668,"8,80",,false,,activities/1947106267.gpx,0.0,,2668.0,2668.0,8807.900390625,5.5,,33.240108489990234,,43.099998474121094,54.29999923706055,7.900000095367432,0.004541377536952496,,,,,,,,,0.0,,,,,,,,,,,,,,0.0,,,,,,,,,,,,,,,,,,,,,,,,,
1950796197,7 nov. 2018 08:33:59,Ochtendloop,Hardloopsessie,Brak,1523,"5,00",,false,,activities/1950796197.gpx,0.0,,1523.0,1506.0,5003.7998046875,4.699999809265137,,12.90951919555664,,47.599998474121094,54.400001525878906,7.0,-0.0019984811078757048,,,,,,,,,0.0,,,,,,,,,,,,,,0.0,,,,,,,,,,,,,,,,,,,,,,,,,
1954412985,9 nov. 2018 08:32:24,Ochtendloop,Hardloopsessie,,2302,"7,76",,false,,activities/1954412985.gpx,0.0,,2302.0,2280.0,7762.5,5.0,,30.575998306274414,,44.29999923706055,54.20000076293945,8.100000381469727,-0.01803542673587799,,,,,,,,,0.0,,,,,,,,,,,,,,0.0,,,,,,,,,,,,,,,,,,,,,,,,,
1963947721,14 nov. 2018 10:27:15,Middag loop,Hardloopsessie,,1796,"6,38",,false,,activities/1963947721.gpx,0.0,,1796.0,1796.0,6385.0,5.599999904632568,,14.971502304077148,,44.29999923706055,54.29999923706055,17.600000381469727,-0.003132341429591179,,,,,,,,,0.0,,,,,,,,,,,,,,0.0,,,,,,,,,,,,,,,,,,,,,,,,,
1967478121,16 nov. 2018 08:45:52,Ochtendloop,Hardloopsessie,,2272,"7,74",,false,,activities/1967478121.gpx,0.0,,2272.0,2248.0,7741.2998046875,5.699999809265137,,27.61582374572754,,44.29999923706055,54.099998474121094,8.199999809265137,-0.010334181599318981,,,,,,,,,0.0,,,,,,,,,,,,,,0.0,,,,,,,,,,,,,,,,,,,,,,,,,
1976672491,21 nov. 2018 08:36:57,Ochtendloop,Hardloopsessie,,2214,"7,85",,false,,activities/1976672491.gpx,0.0,,2214.0,2201.0,7850.7998046875,6.199999809265137,,26.755531311035156,,47.099998474121094,54.29999923706055,6.900000095367432,0.0063687777146697044,,,,,,,,,0.0,,,,,,,,,,,,,,0.0,,,,,,,,,,,,,,,,,,,,,,,,,
2001176047,5 dec. 2018 09:23:17,Ochtendloop,Hardloopsessie,,1826,"6,28",,false,,activities/2001176047.gpx,0.0,,1826.0,1826.0,6288.7001953125,7.199999809265137,,13.869505882263184,,47.29999923706055,54.29999923706055,4.900000095367432,0.0031803075689822435,,,,,,,,,0.0,,,,,,,,,,,,,,0.0,,,,,,,,,,,,,,,,,,,,,,,,,
2015330515,13 dec. 2018 15:40:07,Middagloop,Hardloopsessie,,2246,"7,81",,false,,activities/2015330515.gpx,0.0,,2246.0,2236.0,7813.0,6.099999904632568,,24.836076736450195,,44.29999923706055,54.29999923706055,9.199999809265137,-0.011519262567162514,,,,,,,,,0.0,,,,,,,,,,,,,,0.0,,,,,,,,,,,,,,,,,,,,,,,,,
2033236083,24 dec. 2018 10:10:10,Middag loop,Hardloopsessie,,2335,"7,80",,false,,activities/2033236083.gpx,0.0,,2335.0,2322.0,7808.89990234375,5.900000095367432,,25.580585479736328,,47.099998474121094,54.29999923706055,6.400000095367432,0.001280590076930821,,,,,,,,,0.0,,,,,,,,,,,,,,0.0,,,,,,,,,,,,,,,,,,,,,,,,,
2037769014,27 dec. 2018 09:02:36,Ochtendloop,Hardloopsessie,,2638,"8,10",,false,,activities/2037769014.gpx,0.0,,2638.0,2625.0,8104.0,6.099999904632568,,9.556922912597656,,-6.300000190734863,-1.100000023841858,6.599999904632568,-0.013573544099926949,,,,,,,,,0.0,,,,,,,,,,,,,,0.0,,,,,,,,,,,,,,,,,,,,,,,,,
2043664785,30 dec. 2018 09:28:02,Ochtendloop,Hardloopsessie,,2369,"7,88",,false,,activities/2043664785.gpx,0.0,,2369.0,2353.0,7885.2998046875,5.699999809265137,,26.716753005981445,,44.29999923706055,54.29999923706055,8.800000190734863,-0.0038045477122068405,,,,,,,,,0.0,,,,,,,,,,,,,,0.0,,,,,,,,,,,,,,,,,,,,,,,,,
2063728693,8 jan. 2019 08:47:24,Ochtendloop,Hardloopsessie,,2357,"7,62",,false,,activities/2063728693.gpx,0.0,,2357.0,2292.0,7622.39990234375,6.599999904632568,,25.124967575073242,,47.099998474121094,54.099998474121094,6.699999809265137,-0.0013119227951392531,,,,,,,,,0.0,,,,,,,,,,,,,,0.0,,,,,,,,,,,,,,,,,,,,,,,,,
2070602709,11 jan. 2019 09:21:03,Ochtendloop,Hardloopsessie,,2336,"7,86",,false,,activities/2070602709.gpx,0.0,,2336.0,2336.0,7866.7001953125,6.400000095367432,,25.224300384521484,,44.29999923706055,54.29999923706055,7.699999809265137,-0.006355905439704657,,,,,,,,,0.0,,,,,,,,,,,,,,0.0,,,,,,,,,,,,,,,,,,,,,,,,,
2075500389,13 jan. 2019 09:08:46,Rondje bos/duinen met Eline,Hardloopsessie,,2511,"7,59",,false,,activities/2075500389.gpx,0.0,,2511.0,2460.0,7589.10009765625,4.699999809265137,,57.74946212768555,,6.900000095367432,24.799999237060547,8.699999809265137,-0.038212697952985764,,,,,,,,,0.0,,,,,,,,,,,,,,0.0,,,,,,,,,,,,,,,,,,,,,,,,,
2084339615,17 jan. 2019 08:28:41,Ochtendloop,Hardloopsessie,,2391,"7,91",,false,,activities/2084339615.gpx,0.0,,2391.0,2391.0,7909.60009765625,6.599999904632568,,25.134376525878906,,47.099998474121094,54.29999923706055,6.199999809265137,-0.03034287504851818,,,,,,,,,0.0,,,,,,,,,,,,,,0.0,,,,,,,,,,,,,,,,,,,,,,,,,
2106117446,27 jan. 2019 09:11:48,Ochtendloop,Hardloopsessie,,2335,"7,25",,false,,activities/2106117446.gpx,0.0,,2335.0,2162.0,7249.2001953125,5.800000190734863,,26.56394386291504,,44.29999923706055,54.29999923706055,7.699999809265137,-0.02069193869829178,,,,,,,,,0.0,,,,,,,,,,,,,,0.0,,,,,,,,,,,,,,,,,,,,,,,,,
2150118474,15 feb. 2019 07:58:59,Ochtendloop,Hardloopsessie,,2350,"7,77",,false,,activities/2150118474.gpx,0.0,,2350.0,2350.0,7776.5,7.099999904632568,,25.092416763305664,,47.099998474121094,54.29999923706055,6.900000095367432,-0.0012859255075454712,,,,,,,,,0.0,,,,,,,,,,,,,,0.0,,,,,,,,,,,,,,,,,,,,,,,,,
2168643889,23 feb. 2019 09:30:42,Ochtendloop,Hardloopsessie,,2358,"7,72",,false,,activities/2168643889.gpx,0.0,,2358.0,2327.0,7722.10009765625,6.5,,24.56448745727539,,44.29999923706055,54.29999923706055,9.5,-0.016834799200296402,,,,,,,,,0.0,,,,,,,,,,,,,,0.0,,,,,,,,,,,,,,,,,,,,,,,,,
2176158084,26 feb. 2019 08:05:17,Ochtendloop,Hardloopsessie,,2302,"7,63",,false,,activities/2176158084.gpx,0.0,,2302.0,2283.0,7638.39990234375,4.900000095367432,,20.59238052368164,,43.29999923706055,54.29999923706055,7.900000095367432,-0.1361541748046875,,,,,,,,,0.0,,,,,,,,,,,,,,0.0,,,,,,,,,,,,,,,,,,,,,,,,,
2201097781,9 mrt. 2019 11:11:26,Rondje Bosbaan,Hardloopsessie,,2341,"7,58",,false,,activities/2201097781.gpx,0.0,,2341.0,2247.0,7587.39990234375,5.400000095367432,,23.90118980407715,,-2.0,7.400000095367432,12.399999618530273,0.02504151687026024,,,,,,,,,0.0,,,,,,,,,,,,,,0.0,,,,,,,,,,,,,,,,,,,,,,,,,
2250872040,30 mrt. 2019 07:48:06,Ochtendloop,Hardloopsessie,,1840,"6,04",,false,,activities/2250872040.gpx,0.0,,1840.0,1803.0,6039.7001953125,4.699999809265137,,13.424431800842285,,44.29999923706055,53.900001525878906,9.5,-0.0165571141988039,,,,,,,,,0.0,,,,,,,,,,,,,,0.0,,,,,,,,,,,,,,,,,,,,,,,,,
2266200256,5 apr. 2019 07:35:50,Ochtendloop,Hardloopsessie,,2316,"7,63",,false,,activities/2266200256.gpx,0.0,,2316.0,2262.0,7629.89990234375,5.5,,24.597490310668945,,44.29999923706055,54.29999923706055,8.199999809265137,-0.010485065169632435,,,,,,,,,0.0,,,,,,,,,,,,,,0.0,,,,,,,,,,,,,,,,,,,,,,,,,
2271044556,7 apr. 2019 08:06:48,Ochtendloop,Hardloopsessie,,2451,"7,68",,false,,activities/2271044556.gpx,0.0,,2451.0,2424.0,7686.89990234375,6.300000190734863,,24.664047241210938,,44.29999923706055,54.099998474121094,7.900000095367432,-0.014310060068964958,,,,,,,,,0.0,,,,,,,,,,,,,,0.0,,,,,,,,,,,,,,,,,,,,,,,,,
2283648800,12 apr. 2019 07:14:11,Ochtendloop,Hardloopsessie,,2310,"7,48",,false,,activities/2283648800.gpx,0.0,,2310.0,2255.0,7480.5,6.900000095367432,,24.809432983398438,,44.29999923706055,54.099998474121094,8.699999809265137,0.014704899862408638,,,,,,,,,0.0,,,,,,,,,,,,,,0.0,,,,,,,,,,,,,,,,,,,,,,,,,
2293434293,16 apr. 2019 07:28:26,Ochtendloop,Hardloopsessie,,2634,"8,79",,false,,activities/2293434293.gpx,0.0,,2634.0,2626.0,8792.900390625,6.699999809265137,,29.087745666503906,,47.099998474121094,54.29999923706055,7.599999904632568,-0.004549124743789434,,,,,,,,,0.0,,,,,,,,,,,,,,0.0,,,,,,,,,,,,,,,,,,,,,,,,,
2303511733,18 apr. 2019 06:59:22,Ochtendrit,Fietsrit,,171340,"10,92",,false,,activities/2303511733.gpx,0.0,,171340.0,3357.0,10928.099609375,7.199999809265137,,30.35952377319336,,44.29999923706055,54.099998474121094,8.5,0.006405504886060953,,,,,,,,,,,,,,,,,,,,,,,0.0,,,,,,,,,,,,,,,,,,,,,,,,,
2305133388,20 apr. 2019 06:43:34,Amstel Gold race,Fietsrit,,29422,"143,48",,false,,activities/2305133388.gpx,0.0,,29422.0,23938.0,143486.59375,15.100000381469727,,1939.183349609375,,54.0,329.6000061035156,23.700000762939453,0.041676364839076996,,,,,,,,,,,,,,,,,,,,,,,0.0,,,,,,,,,,,,,,,,,,,,,,,,,
2332394200,1 mei 2019 06:58:04,Ochtendloop,Hardloopsessie,,2023,"6,50",,false,,activities/2332394200.gpx,0.0,,,1946.0,6499.2998046875,5.400000095367432,,15.063773155212402,,44.29999923706055,54.0,7.900000095367432,-0.03538842499256134,,,,,,,,,0.0,,,,,,,,,,,,,,,,,,,,,,,,,,,,,,,,,,,,,,,
2345798925,6 mei 2019 07:16:23,Ochtendloop,Hardloopsessie,,2283,"7,80",,false,,activities/2345798925.gpx,0.0,,,2265.0,7807.5,5.900000095367432,,24.641450881958008,,44.29999923706055,54.29999923706055,9.0,-0.012808197177946568,,,,,,,,,0.0,,,,,,,,,,,,,,,,,,,,,,,,,,,,,,,,,,,,,,,
2355683453,10 mei 2019 07:53:21,Ochtendloop,Hardloopsessie,,1796,"6,05",,false,,activities/2355683453.gpx,0.0,,,1758.0,6055.10009765625,5.5,,13.288241386413574,,44.29999923706055,54.29999923706055,7.5,-0.009909002110362053,,,,,,,,,0.0,,,,,,,,,,,,,,,,,,,,,,,,,,,,,,,,,,,,,,,
2361556148,12 mei 2019 11:43:23,Brak,Hardloopsessie,,1818,"5,98",,false,,activities/2361556148.gpx,0.0,,,1812.0,5987.7998046875,5.800000190734863,,13.488718032836914,,47.29999923706055,54.099998474121094,5.800000190734863,-0.0050101871602237225,,,,,,,,,0.0,,,,,,,,,,,,,,,,,,,,,,,,,,,,,,,,,,,,,,,
2366104787,14 mei 2019 07:00:10,Ochtendloop,Hardloopsessie,,2312,"7,73",,false,,activities/2366104787.gpx,0.0,,,2287.0,7731.39990234375,4.800000190734863,,24.642765045166016,,44.29999923706055,54.099998474121094,7.300000190734863,-0.01422769483178854,,,,,,,,,0.0,,,,,,,,,,,,,,,,,,,,,,,,,,,,,,,,,,,,,,,
2371615186,16 mei 2019 06:34:27,Ochtendloop,Hardloopsessie,,2235,"7,18",,false,,activities/2371615186.gpx,0.0,,,2223.0,7179.0,6.400000095367432,,15.030476570129395,,44.29999923706055,54.29999923706055,8.600000381469727,-0.01671542041003704,,,,,,,,,0.0,,,,,,,,,,,,,,,,,,,,,,,,,,,,,,,,,,,,,,,
2395632725,25 mei 2019 11:37:05,Middagloop,Hardloopsessie,,1777,"5,42",,false,,activities/2395632725.gpx,0.0,,,1755.0,5427.2998046875,5.0,,13.669761657714844,,44.29999923706055,53.29999923706055,7.099999904632568,0.05159103125333786,,,,,,,,,0.0,,,,,,,,,,,,,,,,,,,,,,,,,,,,,,,,,,,,,,,
2403159502,28 mei 2019 06:14:34,Ochtendloop,Hardloopsessie,,2283,"7,55",,false,,activities/2403159502.gpx,0.0,,,2240.0,7556.7001953125,4.800000190734863,,24.923717498779297,,44.29999923706055,54.099998474121094,8.899999618530273,-0.009263303130865097,,,,,,,,,0.0,,,,,,,,,,,,,,,,,,,,,,,,,,,,,,,,,,,,,,,
2410910661,31 mei 2019 06:16:47,Ochtendloop,Hardloopsessie,,1827,"5,46",,false,,activities/2410910661.gpx,0.0,,,1688.0,5465.5,6.400000095367432,,30.927692413330078,,44.29999923706055,59.0,19.299999237060547,-0.0018296587513759732,,,,,,,,,0.0,,,,,,,,,,,,,,,,,,,,,,,,,,,,,,,,,,,,,,,
2420043916,2 jun. 2019 05:53:46,Ochtendloop,Hardloopsessie,,112056,"9,03",,false,,activities/2420043916.gpx,0.0,,,4054.0,9033.0,5.599999904632568,,66.51115417480469,,43.29999923706055,59.0,45.79999923706055,0.024355141445994377,,,,,,,,,0.0,,,,,,,,,,,,,,,,,,,,,,,,,,,,,,,,,,,,,,,
2430246102,7 jun. 2019 06:41:52,Ochtendloop,Hardloopsessie,,2114,"7,31",,false,,activities/2430246102.gpx,0.0,,,2086.0,7312.39990234375,6.300000190734863,,19.883699417114258,,44.29999923706055,54.20000076293945,22.200000762939453,0.010940320789813995,,,,,,,,,0.0,,,,,,,,,,,,,,,,,,,,,,,,,,,,,,,,,,,,,,,
2446104826,13 jun. 2019 06:30:23,Ochtendloop,Hardloopsessie,,1833,"5,67",,false,,activities/2446104826.gpx,0.0,,,1802.0,5678.39990234375,5.0,,35.6507682800293,,43.0,58.900001525878906,15.300000190734863,0.005283178295940161,,,,,,,,,0.0,,,,,,,,,,,,,,,,,,,,,,,,,,,,,,,,,,,,,,,
2450806533,15 jun. 2019 06:28:54,Ochtendloop,Hardloopsessie,,1838,"5,60",,false,,activities/2450806533.gpx,0.0,,,1804.0,5601.39990234375,6.199999809265137,,36.532691955566406,,43.29999923706055,59.0,24.700000762939453,-0.04641696810722351,,,,,,,,,0.0,,,,,,,,,,,,,,,,,,,,,,,,,,,,,,,,,,,,,,,
2459771607,18 jun. 2019 06:40:21,Ochtendloop,Hardloopsessie,,14989,"6,88",,false,,activities/2459771607.gpx,0.0,,,2119.0,6885.2001953125,6.099999904632568,,22.019634246826172,,43.0,54.20000076293945,13.699999809265137,0.001452390686608851,,,,,,,,,0.0,,,,,,,,,,,,,,,,,,,,,,,,,,,,,,,,,,,,,,,
2475952466,24 jun. 2019 06:17:08,Ochtendloop,Hardloopsessie,,2395,"7,63",,false,,activities/2475952466.gpx,0.0,,2395.0,2353.0,7633.0,5.199999809265137,,24.957244873046875,,44.29999923706055,54.20000076293945,8.800000190734863,-0.019651513546705246,,,,,,,,,0.0,,,,,,,,,,,,,,,,,,,,,,,,,,,,,,,,,,,,,,,
2520707145,10 jul. 2019 15:08:54,Middagloop,Hardloopsessie,,1828,"5,90",,false,,activities/2520707145.gpx,0.0,,1828.0,1821.0,5901.0,5.099999904632568,,56.02679443359375,,47.0,95.5,9.399999618530273,0.26944586634635925,,,,,,,,,0.0,,,,,,,,,,,,,,,,,,,,,,,,,,,,,,,,,,,,,,,
2530977447,14 jul. 2019 09:58:35,Middag loop,Hardloopsessie,,2981,"9,30",,false,,activities/2530977447.gpx,0.0,,2981.0,2875.0,9299.099609375,6.5,,37.086830139160156,,-2.0,6.400000095367432,10.0,0.02473357692360878,,,,,,,,,0.0,,,,,,,,,,,,,,,,,,,,,,,,,,,,,,,,,,,,,,,
2644188776,23 aug. 2019 12:47:58,Middagloop,Hardloopsessie,,4868,"11,18",,false,,activities/2644188776.gpx,0.0,,4868.0,4014.0,11186.5,5.0,,83.30188751220703,,2.4000000953674316,75.9000015258789,16.299999237060547,0.008045411668717861,,,,,,,,,0.0,,,,,,,,,,,,,,,,,,,,,,,,,,,,,,,,,,,,,,,
2653277144,26 aug. 2019 14:31:38,Århus exploring ,Hardloopsessie,,2397,"7,54",,false,,activities/2653277144.gpx,0.0,,2397.0,2370.0,7548.2001953125,5.099999904632568,,99.5082015991211,,0.8999999761581421,46.79999923706055,38.0,0.09008770436048508,,,,,,,,,0.0,,,,,,,,,,,,,,,,,,,,,,,,,,,,,,,,,,,,,,,
2682420749,5 sep. 2019 15:53:24,Middagloop,Hardloopsessie,,2784,"8,22",,false,,activities/2682420749.gpx,0.0,,2784.0,2652.0,8223.7998046875,5.0,,118.93575286865234,,3.799999952316284,64.0,39.29999923706055,0.0,,,,,,,,,0.0,,,,,,,,,,,,,,,,,,,,,,,,,,,,,,,,,,,,,,,
2702488883,12 sep. 2019 15:54:11,Middagloop,Hardloopsessie,,2716,"8,08",,false,,activities/2702488883.gpx,0.0,,2716.0,2486.0,8085.0,5.900000095367432,,125.74180603027344,,-0.20000000298023224,51.5,38.099998474121094,-0.023500308394432068,,,,,,,,,0.0,,,,,,,,,,,,,,0.0,,,,,,,,,,,,,,,,,,,,,,,,,
2736372641,24 sep. 2019 15:44:06,Middagloop,Hardloopsessie,,2635,"7,88",,false,,activities/2736372641.gpx,0.0,,2635.0,2428.0,7888.7001953125,5.300000190734863,,97.23404693603516,,1.100000023841858,45.70000076293945,43.0,-0.0025352719239890575,,,,,,,,,0.0,,,,,,,,,4.0,,,0.0,26.0,0.0,,,,,,,,,,,,,,,,,,,,,,,,,
2754885882,1 okt. 2019 16:27:46,Avondloop,Hardloopsessie,,1901,"6,10",,false,,activities/2754885882.gpx,0.0,,1901.0,1895.0,6106.60009765625,5.300000190734863,,78.85575103759766,,3.700000047683716,45.20000076293945,20.399999618530273,-0.04912717267870903,,,,,,,,,0.0,,,,,,,,,5.0,,,0.0,34.0,0.0,,,,,,,,,,,,,,,,,,,,,,,,,
2764970182,5 okt. 2019 14:43:57,Middagloop,Hardloopsessie,,2240,"6,84",,false,,activities/2764970182.gpx,0.0,,2240.0,2234.0,6840.2998046875,5.400000095367432,,92.47332763671875,,2.0,45.099998474121094,46.20000076293945,0.01461924146860838,,,,,,,,,0.0,,,,,,,,,,,,,,0.0,,,,,,,,,,,,,,,,,,,,,,,,,
2799715448,19 okt. 2019 07:52:32,Ochtendloop,Hardloopsessie,,1969,"5,51",,false,,activities/2799715448.gpx,0.0,,1969.0,1904.0,5512.7998046875,4.800000190734863,,20.999359130859375,,-1.899999976158142,6.099999904632568,10.399999618530273,-0.029023364186286926,,,,,,,,,0.0,,,,,,,,,,,,,,0.0,,,,,,,,,,,,,,,,,,,,,,,,,
2919144185,26 nov. 2019 13:21:38,Middagloop,Hardloopsessie,,1028594,"10,04",,false,,activities/2919144185.gpx,0.0,,1028594.0,3409.0,10042.2998046875,4.800000190734863,2.945819854736328,146.17538452148438,,1.899999976158142,45.70000076293945,48.400001525878906,-0.01493681687861681,,,,,,,,,0.0,,,,,,,,,,,,,,0.0,,,,,,,,,,,,,,,,,,,,,,,,,
2919286095,8 dec. 2019 11:05:29,Middag loop,Hardloopsessie,,1911,"5,99",,false,,activities/2919286095.gpx,0.0,,1911.0,1904.0,5998.5,5.300000190734863,3.150472640991211,59.371978759765625,,1.899999976158142,63.400001525878906,9.199999809265137,-0.03000750206410885,,,,,,,,,0.0,,,,,,,,,,,,,,0.0,,,,,,,,,,,,,,,,,,,,,,,,,
2969723771,31 dec. 2019 09:33:42,Ochtendloop,Hardloopsessie,,3579,"10,28",,false,,activities/2969723771.gpx,0.0,,3579.0,3474.0,10286.0,5.099999904632568,2.9608521461486816,27.885839462280273,,-2.299999952316284,5.5,5.900000095367432,-0.023332685232162476,,,,,,,,,0.0,,,,,,,,,,,,,,0.0,,1.0,10323.5,,,,,,,,,,,,,,,,,,,,,,
3054862175,29 jan. 2020 15:45:30,Middagloop,Hardloopsessie,,20783,"8,76",,false,,activities/3054862175.gpx,0.0,,20783.0,2841.0,8760.2001953125,4.5,3.083491802215576,33.120113372802734,,-2.299999952316284,5.300000190734863,6.900000095367432,0.025113582611083984,,,,,,,,,0.0,,,,,,,,,,,,,,0.0,,1.0,8806.099609375,,,,,,,,,,,,,,,,,,,,,,
3058670959,31 jan. 2020 09:12:49,Ochtendloop,Hardloopsessie,,2693,"7,15",,false,,activities/3058670959.gpx,0.0,,2693.0,2301.0,7152.10009765625,6.5,3.108257293701172,23.83479881286621,,-2.299999952316284,5.5,22.799999237060547,-0.0013981907395645976,,,,,,,,,0.0,,,,,,,,,,,,,,0.0,,1.0,7201.89990234375,,,,,,,,,,,,,,,,,,,,,,
3092684134,12 feb. 2020 06:34:23,Ochtendloop,Hardloopsessie,,1965,"5,78",,false,,activities/3092684134.gpx,0.0,,1965.0,1864.0,5786.10009765625,5.599999904632568,3.104130983352661,24.701740264892578,24.70170021057129,1.7000000476837158,9.0,15.100000381469727,0.0,,,,,,,,,0.0,,,,,,,,,,,,,,0.0,,1.0,5826.5,,,,,,,,,,,,,,,,,,,,,,
3092684220,8 feb. 2020 12:05:38,Middagloop,Hardloopsessie,"",3614,"11,22",,false,,activities/3092684220.gpx,0.0,,3614.0,3553.0,11220.099609375,5.0,3.1579229831695557,40.445030212402344,42.54499816894531,-1.0,7.699999809265137,9.800000190734863,-0.01871640980243683,,,,,,,,,0.0,,,,,,,,,,,,0.0,,0.0,,1.0,11274.400390625,,,,,,,,,,,,,,,,,,,,,,
3104430828,16 feb. 2020 10:09:10,Middag loop,Hardloopsessie,,4329,"12,33",,false,,activities/3104430828.gpx,0.0,,4329.0,4014.0,12336.7998046875,8.899999618530273,3.0734429359436035,142.13580322265625,140.03599548339844,43.5,98.69999694824219,33.0,0.01702224276959896,,,,,,,,,0.0,,,,,,,,,,,,,,0.0,,1.0,12770.900390625,,,,,,,,,,,,,,,,,,,,,,
3115607119,20 feb. 2020 06:31:17,Ochtendloop,Hardloopsessie,,1963,"6,16",,false,,activities/3115607119.gpx,0.0,,1963.0,1936.0,6165.60009765625,6.900000095367432,3.184710741043091,25.73771858215332,25.83769989013672,1.7000000476837158,9.0,16.100000381469727,-0.001621902221813798,,,,,,,,,0.0,,,,,,,,,,,,,,0.0,,1.0,6208.60009765625,,,,,,,,,,,,,,,,,,,,,,
3144398146,1 mrt. 2020 10:08:46,Middag loop,Hardloopsessie,,3182,"10,77",,false,,activities/3144398146.gpx,0.0,,3182.0,3166.0,10778.2001953125,5.199999809265137,3.4043588638305664,44.04876708984375,44.04880142211914,-1.0,6.099999904632568,10.0,0.0,,,,,,,,,0.0,,,,,,,,,,,,,,0.0,,1.0,10836.0,,,,,,,,,,,,,,,,,,,,,,
3155548558,5 mrt. 2020 06:15:10,Ochtendloop,Hardloopsessie,,2237,"7,50",,false,,activities/3155548558.gpx,0.0,,2237.0,2228.0,7505.10009765625,7.400000095367432,3.3685367107391357,29.87560272216797,29.97559928894043,1.7000000476837158,9.0,13.100000381469727,-0.0013324272586032748,,,,,,,,,0.0,,,,,,,,,,,,,,0.0,,1.0,7548.2001953125,,,,,,,,,,,,,,,,,,,,,,
3182044969,14 mrt. 2020 11:26:32,Middag loop,Hardloopsessie,,3860,"12,02",,false,,activities/3182044969.gpx,0.0,,3860.0,3666.0,12020.2998046875,8.199999809265137,3.278859853744507,34.31307601928711,34.3130989074707,-1.600000023841858,7.400000095367432,13.199999809265137,0.0,,,,,,,,,0.0,,,,,,,,,,,,,,0.0,,1.0,12077.2001953125,,,,,,,,,,,,,,,,,,,,,,
3190385160,17 mrt. 2020 07:00:47,45min met interval ,Hardloopsessie,,2780,"8,80",,false,,activities/3190385160.gpx,0.0,,2780.0,2700.0,8800.7998046875,4.699999809265137,3.2595555782318115,83.4030990600586,80.10310363769531,49.099998474121094,102.80000305175781,11.5,0.03749659284949303,,,,,,,,,0.0,,,,,,,,,,,,,,0.0,,1.0,8948.400390625,,,,,,,,,,,,,,,,,,,,,,
3212156144,24 mrt. 2020 08:00:41,Ochtendloop,Hardloopsessie,,1932,"4,44",,false,,activities/3212156144.gpx,0.0,,1932.0,1221.0,4445.7001953125,5.099999904632568,3.6410319805145264,45.145286560058594,45.145301818847656,58.20000076293945,102.80000305175781,46.70000076293945,0.0,,,,,,,,,0.0,,,,,,,,,,,,,,0.0,,1.0,4568.89990234375,,,,,,,,,,,,,,,,,,,,,,
3230259241,29 mrt. 2020 08:03:34,Ochtendloop,Hardloopsessie,,3229,"9,72",,false,,activities/3230259241.gpx,0.0,,3229.0,3168.0,9721.0,6.5,3.0684974193573,82.20529174804688,82.10530090332031,54.79999923706055,102.80000305175781,50.0,0.0010287007316946983,,,,,,,,,0.0,,,,,,,,,,,,,,0.0,,1.0,9864.2998046875,,,,,,,,,,,,,,,,,,,,,,
3274119465,9 apr. 2020 06:03:01,Ochtendloop,Hardloopsessie,,2785,"7,78",,false,,activities/3274119465.gpx,0.0,,2785.0,2548.0,7781.7998046875,7.300000190734863,3.054081678390503,111.06605529785156,111.06600189208984,51.0,106.4000015258789,19.799999237060547,0.0,,,,,,,,,0.0,,,,,,,,,,,,,,0.0,,1.0,8093.7001953125,,,,,,,,,,,,,,,,,,,,,,
3297655802,12 apr. 2020 06:46:02,Ochtendloop,Hardloopsessie,,199100,"6,81",,false,,activities/3297655802.gpx,0.0,,199100.0,2365.0,6813.7001953125,4.099999904632568,2.881057024002075,58.431209564208984,58.33121109008789,54.79999923706055,109.80000305175781,15.199999809265137,0.0014676314312964678,,,,,,,,,0.0,,,,,,,,,,,,,,0.0,,1.0,6997.5,,,,,,,,,,,,,,,,,,,,,,
3307207746,16 apr. 2020 13:42:11,Middagloop,Hardloopsessie,,3518,"8,88",,false,,activities/3307207746.gpx,0.0,,3518.0,2737.0,8885.7998046875,4.800000190734863,3.246547222137451,84.67711639404297,84.57710266113281,51.599998474121094,109.80000305175781,11.5,0.0011253911070525646,,,,,,,,,0.0,,,,,,,,,,,,,,0.0,,1.0,9081.900390625,,,,,,,,,,,,,,,,,,,,,,
3315086488,18 apr. 2020 08:59:51,Ochtendloop,Hardloopsessie,,2845,"8,68",,false,,activities/3315086488.gpx,0.0,,2845.0,2773.0,8685.5,5.400000095367432,3.132167339324951,105.6235122680664,105.52400207519531,57.900001525878906,109.80000305175781,47.400001525878906,0.0011513441568240523,,,,,,,,,0.0,,,,,,,,,,,,,,0.0,,1.0,8951.2998046875,,,,,,,,,,,,,,,,,,,,,,
3331592480,21 apr. 2020 15:36:24,Middagloop,Hardloopsessie,,2583,"7,76",,false,,activities/3331592480.gpx,0.0,,2583.0,2459.0,7763.0,4.699999809265137,3.1569743156433105,69.79976654052734,69.99980163574219,53.0,109.80000305175781,12.600000381469727,-0.0025763236917555332,,,,,,,,,0.0,,,,,,,,,,,,,,0.0,,1.0,7902.89990234375,,,,,,,,,,,,,,,,,,,,,,
3386239178,2 mei 2020 15:42:16,Middagloop,Hardloopsessie,,2548,"7,82",,false,,activities/3386239178.gpx,0.0,,2548.0,2479.0,7828.2998046875,4.699999809265137,3.157845973968506,74.8905029296875,74.69049835205078,52.70000076293945,109.80000305175781,19.799999237060547,0.0025548331905156374,,,,,,,,,,,,,,,,,,,,,,,0.0,,1.0,7987.7998046875,,,,,,,,,,,,,,,,,,,,,,
3411607384,7 mei 2020 06:15:36,Ochtendloop,Hardloopsessie,,2497,"7,56",,false,,activities/3411607384.gpx,0.0,,2497.0,2494.0,7568.39990234375,4.699999809265137,3.0346431732177734,103.0634765625,103.06300354003906,57.900001525878906,109.80000305175781,16.200000762939453,0.0,,,,,,,,,,,,,,,,,,,,,,,0.0,,1.0,7814.7001953125,,,,,,,,,,,,,,,,,,,,,,
3442982054,13 mei 2020 05:42:30,Ochtendloop,Hardloopsessie,,2453,"7,15",,false,,activities/3442982054.gpx,0.0,,2453.0,2308.0,7156.0,4.599999904632568,3.100519895553589,66.63880920410156,66.83879852294922,54.79999923706055,109.80000305175781,14.600000381469727,-0.002794857369735837,,,,,,,,,,,,,,,,,,,,,,,0.0,,1.0,7303.7001953125,,,,,,,,,,,,,,,,,,,,,,
3464930319,17 mei 2020 08:53:09,Ochtendloop,Hardloopsessie,,3597,"10,59",,false,,activities/3464930319.gpx,0.0,,3597.0,3442.0,10590.900390625,4.900000095367432,3.076961040496826,123.64535522460938,123.6449966430664,50.099998474121094,109.69999694824219,21.399999618530273,0.0,,,,,,,,,,,,,,,,,,,,,,,0.0,,1.0,10946.099609375,,,,,,,,,,,,,,,,,,,,,,
3563176384,30 mei 2020 08:22:32,Ochtendloop,Hardloopsessie,,456395,"5,33",,false,,activities/3563176384.gpx,,,456395.0,1834.0,5331.7998046875,4.800000190734863,2.9071974754333496,79.56324005126953,79.76324462890625,67.0,109.69999694824219,27.200000762939453,-0.003751078387722373,,,,,,,,,,,,,,,,,,,,,,,0.0,,1.0,5624.10009765625,,,,,,,,,,,,,,,,,,,,,,
3563176425,26 mei 2020 06:03:42,Ochtendloop,Hardloopsessie,,2278,"6,52",,false,,activities/3563176425.gpx,,,2278.0,2204.0,6521.5,5.099999904632568,2.9589383602142334,110.86194610595703,110.66194152832031,54.400001525878906,109.80000305175781,34.099998474121094,0.003066779114305973,,,,,,,,,,,,,,,,,,,,,,,0.0,,1.0,6846.89990234375,,,,,,,,,,,,,,,,,,,,,,
3563478761,4 jun. 2020 15:09:29,Middagloop,Hardloopsessie,,3336,"10,30",,false,,activities/3563478761.gpx,,,3336.0,3309.0,10303.7001953125,5.5,3.1138410568237305,88.27201843261719,87.97201538085938,51.79999923706055,109.80000305175781,14.699999809265137,0.002911575371399522,,,,,,,,,,,,,,,,,,,,,,,0.0,,1.0,10479.7001953125,,,,,,,,,,,,,,,,,,,,,,
3575805071,7 jun. 2020 07:20:42,Ochtendloop,Hardloopsessie,,2213,"6,85",,false,,activities/3575805071.gpx,,,2213.0,2199.0,6851.89990234375,4.699999809265137,3.1159162521362305,5.464583396911621,4.964583396911621,1.100000023841858,4.599999904632568,25.0,0.007297246251255274,,,,,,,,,,,,,,,,,,,,,,,0.0,,1.0,6863.7001953125,,,,,,,,,,,,,,,,,,,,,,
3621847402,13 jun. 2020 08:43:48,Ochtendloop,Hardloopsessie,,248952,"6,97",,false,,activities/3621847402.gpx,,,248952.0,2188.0,6969.5,5.800000190734863,3.185328960418701,5.0176472663879395,4.917646884918213,-0.699999988079071,4.599999904632568,6.300000190734863,0.0014348231488838792,,,,,,,,,,,,,,,,,,,,,,,0.0,,1.0,6981.10009765625,,,,,,,,,,,,,,,,,,,,,,
3621958201,16 jun. 2020 05:52:52,Ochtendloop,Hardloopsessie,,2298,"7,12",,false,,activities/3621958201.gpx,,,2298.0,2271.0,7125.2998046875,5.099999904632568,3.137516498565674,67.85404968261719,67.7540512084961,55.0,109.69999694824219,18.200000762939453,0.0014034496853128076,,,,,,,,,,,,,,,,,,,,,,,0.0,,1.0,7294.10009765625,,,,,,,,,,,,,,,,,,,,,,
3662635171,18 jun. 2020 15:22:07,Middagloop,Hardloopsessie,,485460,"6,78",,false,,activities/3662635171.gpx,,,485460.0,2162.0,6783.89990234375,8.600000381469727,3.137789011001587,111.35984802246094,110.95984649658203,66.19999694824219,115.19999694824219,38.099998474121094,0.005896313115954399,,,,,,,,,,,,,,,,,,,,,,,0.0,,1.0,7183.2998046875,,,,,,,,,,,,,,,,,,,,,,
3662635190,24 jun. 2020 06:13:26,Ochtendloop,Hardloopsessie,,2257,"7,18",,false,,activities/3662635190.gpx,,,2257.0,2252.0,7184.89990234375,4.599999904632568,3.190452814102173,77.41461181640625,77.31461334228516,56.79999923706055,109.9000015258789,18.700000762939453,0.0013918078038841486,,,,,,,,,,,,,,,,,,,,,,,0.0,,1.0,7307.5,,,,,,,,,,,,,,,,,,,,,,
3696415398,1 jul. 2020 06:27:44,Ochtendloop,Hardloopsessie,"",2302,"7,18",,false,,activities/3696415398.gpx,,,2302.0,2290.0,7181.0,4.599999904632568,3.135807752609253,67.88994598388672,67.78990173339844,55.0,109.69999694824219,17.200000762939453,0.0013925636885687709,,,,,,,,,,,,,,,,,,,,,0.0,,0.0,,1.0,7347.7998046875,,,,,,,,,,,,,,,,,,,,,,
3735497189,7 jul. 2020 07:05:56,Ochtendloop,Hardloopsessie,,182298,"6,95",,false,,activities/3735497189.gpx,,,182298.0,2209.0,6958.2001953125,5.199999809265137,3.1499321460723877,62.51360321044922,62.01360321044922,55.0,109.69999694824219,19.200000762939453,0.007185766473412514,,,,,,,,,,,,,,,,,,,,,,,0.0,,1.0,7120.2998046875,,,,,,,,,,,,,,,,,,,,,,
3859707402,11 jul. 2020 12:20:15,Middagloop,Hardloopsessie,,2012530,"7,73",,false,,activities/3859707402.gpx,,,2012530.0,2422.0,7736.7998046875,4.900000095367432,3.194384813308716,74.9070053100586,74.9070053100586,53.599998474121094,109.69999694824219,21.299999237060547,0.0,,,,,,,,,,,,,,,,,,,,,,,0.0,,1.0,7907.10009765625,,,,,,,,,,,,,,,,,,,,,,
